0,1,2,3
1399/02/02,1,تراز مالی - نتایج - پیشرفت فیزیکی,pishraft_fiziki___1399-02-02mbuud.pdf
1399/02/03,5,تراز مالی - نتایج - پیشرفت فیزیکی,pishraft_fiziki___1399-02-03ptgyo.pdf
1399/02/03,1,تراز مالی - نتایج - گزارش پیمانکاران,peymankaran___1399-02-03cdswq.pdf
1399/02/03,1,ترازمالی –لوله های 56اینچ,taraz_mali_56___1399-02-03oiccp.pdf
1399/02/03,1,  ترازمالی –نتایج کلی –پیمانکاران,jadval_peymankaran___1399-02-03zxdpf.pdf
1399/02/03,8,تعهدات پرداخت شرکت نفتانیر,taahodate_naftanir____1399-02-03trxdv.pdf
1399/02/03,9,تعهدات پرداخت شرکت مهندسی و توسعه گاز ایران,taahodat_mohandesi____1399-02-03qtsfq.pdf
1399/02/07,6,تعهدات پرداخت شرکت نفتانیر,taahodate_naftanir____1399-02-07dvwgy.pdf
1399/02/07,8,تراز مالی - نتایج - پیشرفت فیزیکی,pishraft_fiziki___1399-02-07svulo.pdf
1399/02/07,1,تعهدات پرداخت شرکت نفتانیر,taahodate_naftanir____1399-02-07purma.pdf
1399/02/07,1,تعهدات پرداخت شرکت مهندسی و توسعه گاز ایران,taahodat_mohandesi____1399-02-07akjyk.pdf
